recording_date,label_source,windows
2022-07-10,ambiguous_other_annotation,243
2022-07-10,ambiguous_s04_edge_or_label,151
2022-07-10,annotated_non_s04,26
2022-07-10,annotated_s04,131
2022-07-10,unannotated_background_proxy,946
2022-07-11,ambiguous_other_annotation,878
2022-07-11,ambiguous_s04_edge_or_label,66
2022-07-11,annotated_non_s04,292
2022-07-11,annotated_s04,41
2022-07-11,unannotated_background_proxy,220
2022-07-13,ambiguous_other_annotation,419
2022-07-13,ambiguous_s04_edge_or_label,71
2022-07-13,annotated_non_s04,48
2022-07-13,annotated_s04,26
2022-07-13,unannotated_background_proxy,933
2022-07-25,ambiguous_other_annotation,291
2022-07-25,ambiguous_s04_edge_or_label,209
2022-07-25,annotated_non_s04,16
2022-07-25,annotated_s04,164
2022-07-25,unannotated_background_proxy,817
2022-07-29,ambiguous_other_annotation,339
2022-07-29,ambiguous_s04_edge_or_label,109
2022-07-29,annotated_non_s04,8
2022-07-29,annotated_s04,81
2022-07-29,unannotated_background_proxy,960
