call_id,recording_id,recording_date,selection,channel,start_s,end_s,duration_s,call_type,confidence,species,ecotype,pod,low_freq_hz,high_freq_hz,overlaps_any_previous_kw,comments,review_status
ICLISTENHF6156_20220710T124000.000Z_20220710T124459.996Z__selection_2,ICLISTENHF6156_20220710T124000.000Z_20220710T124459.996Z.flac,2022-07-10,2,1.0,4.956863737,5.674948825,0.7180850880000005,S04,high,KW,SR,J,159.601,1635.91,False,,source_label_not_individually_reviewed_in_repo
ICLISTENHF6156_20220710T124000.000Z_20220710T124459.996Z__selection_3,ICLISTENHF6156_20220710T124000.000Z_20220710T124459.996Z.flac,2022-07-10,3,1.0,6.385055189,7.095161554,0.7101063649999997,S04,high,KW,SR,J,598.504,1556.11,False,,source_label_not_individually_reviewed_in_repo
ICLISTENHF6156_20220710T124000.000Z_20220710T124459.996Z__selection_4,ICLISTENHF6156_20220710T124000.000Z_20220710T124459.996Z.flac,2022-07-10,4,1.0,12.71819409,13.3405345,0.6223404099999996,S04,high,KW,SR,J,193.2,1556.11,False,,source_label_not_individually_reviewed_in_repo
ICLISTENHF6156_20220710T124000.000Z_20220710T124459.996Z__selection_5,ICLISTENHF6156_20220710T124000.000Z_20220710T124459.996Z.flac,2022-07-10,5,1.0,15.66168703,16.32392106,0.6622340300000005,S04,high,KW,SR,J,154.6,13206.983,False,sounds like two S04s overlapping,source_label_not_individually_reviewed_in_repo
ICLISTENHF6156_20220710T124000.000Z_20220710T124459.996Z__selection_10,ICLISTENHF6156_20220710T124000.000Z_20220710T124459.996Z.flac,2022-07-10,10,1.0,24.58461775,25.01479091,0.4301731599999989,S04,high,KW,SR,J,154.6,21372.0,False,,source_label_not_individually_reviewed_in_repo
ICLISTENHF6156_20220710T124000.000Z_20220710T124459.996Z__selection_11,ICLISTENHF6156_20220710T124000.000Z_20220710T124459.996Z.flac,2022-07-10,11,1.0,25.72884066,26.3275641,0.5987234400000006,S04,high,KW,SR,J,193.2,20289.9,False,,source_label_not_individually_reviewed_in_repo
ICLISTENHF6156_20220710T124000.000Z_20220710T124459.996Z__selection_13,ICLISTENHF6156_20220710T124000.000Z_20220710T124459.996Z.flac,2022-07-10,13,1.0,31.35632961,31.97867002,0.6223404099999996,S04,high,KW,SR,J,154.6,1468.6,False,,source_label_not_individually_reviewed_in_repo
ICLISTENHF6156_20220710T124000.000Z_20220710T124459.996Z__selection_14,ICLISTENHF6156_20220710T124000.000Z_20220710T124459.996Z.flac,2022-07-10,14,1.0,46.55574167,47.25786931,0.7021276399999934,S04,high,KW,SR,J,270.5,14723.192,False,,source_label_not_individually_reviewed_in_repo
ICLISTENHF6156_20220710T124000.000Z_20220710T124459.996Z__selection_15,ICLISTENHF6156_20220710T124000.000Z_20220710T124459.996Z.flac,2022-07-10,15,1.0,51.2114234,51.79816268,0.5867392799999962,S04,high,KW,SR,J,77.3,2705.3,False,,source_label_not_individually_reviewed_in_repo
ICLISTENHF6156_20220710T124000.000Z_20220710T124459.996Z__selection_16,ICLISTENHF6156_20220710T124000.000Z_20220710T124459.996Z.flac,2022-07-10,16,1.0,52.29284352,52.88326904,0.5904255200000037,S04,high,KW,SR,J,77.3,32383.042,False,,source_label_not_individually_reviewed_in_repo
ICLISTENHF6156_20220710T124000.000Z_20220710T124459.996Z__selection_17,ICLISTENHF6156_20220710T124000.000Z_20220710T124459.996Z.flac,2022-07-10,17,1.0,53.19443924,53.76092859,0.5664893499999977,S04,high,KW,SR,J,115.9,52303.078,False,,source_label_not_individually_reviewed_in_repo
ICLISTENHF6156_20220710T124000.000Z_20220710T124459.996Z__selection_18,ICLISTENHF6156_20220710T124000.000Z_20220710T124459.996Z.flac,2022-07-10,18,1.0,56.84093419,57.51114693,0.6702127400000037,S04,high,KW,SR,J,279.302,10821.3,False,,source_label_not_individually_reviewed_in_repo
ICLISTENHF6156_20220710T124000.000Z_20220710T124459.996Z__selection_19,ICLISTENHF6156_20220710T124000.000Z_20220710T124459.996Z.flac,2022-07-10,19,1.0,61.11737265,61.75567051,0.6382978600000015,S04,high,KW,SR,J,386.5,1855.1,False,,source_label_not_individually_reviewed_in_repo
ICLISTENHF6156_20220710T124000.000Z_20220710T124459.996Z__selection_20,ICLISTENHF6156_20220710T124000.000Z_20220710T124459.996Z.flac,2022-07-10,20,1.0,83.18339195,83.66211534,0.4787233899999989,S04,high,KW,SR,J,193.2,1584.5,False,,source_label_not_individually_reviewed_in_repo
ICLISTENHF6156_20220710T124000.000Z_20220710T124459.996Z__selection_21,ICLISTENHF6156_20220710T124000.000Z_20220710T124459.996Z.flac,2022-07-10,21,1.0,87.77006382,88.36846806,0.5984042399999936,S04,high,KW,SR,J,502.4,1356.608,False,,source_label_not_individually_reviewed_in_repo
ICLISTENHF6156_20220710T124000.000Z_20220710T124459.996Z__selection_28,ICLISTENHF6156_20220710T124000.000Z_20220710T124459.996Z.flac,2022-07-10,28,1.0,158.2626552,158.932868,0.6702128000000016,S04,high,KW,SR,J,193.2,5913.0,False,,source_label_not_individually_reviewed_in_repo
ICLISTENHF6156_20220710T124000.000Z_20220710T124459.996Z__selection_29,ICLISTENHF6156_20220710T124000.000Z_20220710T124459.996Z.flac,2022-07-10,29,1.0,160.4488254,161.0232935,0.57446809999999,S04,high,KW,SR,J,579.7,2513.716,False,,source_label_not_individually_reviewed_in_repo
ICLISTENHF6156_20220710T124000.000Z_20220710T124459.996Z__selection_37,ICLISTENHF6156_20220710T124000.000Z_20220710T124459.996Z.flac,2022-07-10,37,1.0,198.1069985,198.8091261,0.702127599999983,S04,high,KW,SR,J,38.6,18280.2,False,overlaps with next call,source_label_not_individually_reviewed_in_repo
ICLISTENHF6156_20220710T124000.000Z_20220710T124459.996Z__selection_39,ICLISTENHF6156_20220710T124000.000Z_20220710T124459.996Z.flac,2022-07-10,39,1.0,199.1442325,199.8463601,0.7021276000000114,S04,high,KW,SR,J,193.2,1816.4,True,,source_label_not_individually_reviewed_in_repo
ICLISTENHF6156_20220710T124000.000Z_20220710T124459.996Z__selection_40,ICLISTENHF6156_20220710T124000.000Z_20220710T124459.996Z.flac,2022-07-10,40,1.0,200.6833815,201.5131687,0.8297871999999984,S04,high,KW,SR,J,115.9,33331.1,False,,source_label_not_individually_reviewed_in_repo
ICLISTENHF6156_20220710T124000.000Z_20220710T124459.996Z__selection_42,ICLISTENHF6156_20220710T124000.000Z_20220710T124459.996Z.flac,2022-07-10,42,1.0,206.4834145,207.0977762,0.6143616999999892,S04,high,KW,SR,J,463.8,35903.4,False,,source_label_not_individually_reviewed_in_repo
ICLISTENHF6156_20220710T124000.000Z_20220710T124459.996Z__selection_43,ICLISTENHF6156_20220710T124000.000Z_20220710T124459.996Z.flac,2022-07-10,43,1.0,207.9275634,208.5818187,0.6542553000000169,S04,high,KW,SR,J,270.5,18512.1,False,,source_label_not_individually_reviewed_in_repo
ICLISTENHF6156_20220710T124000.000Z_20220710T124459.996Z__selection_45,ICLISTENHF6156_20220710T124000.000Z_20220710T124459.996Z.flac,2022-07-10,45,1.0,210.6393456,211.2856222,0.6462765999999931,S04,high,KW,SR,J,115.9,18666.7,False,,source_label_not_individually_reviewed_in_repo
ICLISTENHF6156_20220710T124000.000Z_20220710T124459.996Z__selection_49,ICLISTENHF6156_20220710T124000.000Z_20220710T124459.996Z.flac,2022-07-10,49,1.0,215.7938193,216.607649,0.8138297000000136,S04,high,KW,SR,J,193.2,36406.688,False,,source_label_not_individually_reviewed_in_repo
ICLISTENHF6156_20220710T124000.000Z_20220710T124459.996Z__selection_51,ICLISTENHF6156_20220710T124000.000Z_20220710T124459.996Z.flac,2022-07-10,51,1.0,218.1209388,218.7512579,0.6303191000000083,S04,high,KW,SR,J,193.2,18044.4,True,overlaps with rasp,source_label_not_individually_reviewed_in_repo
ICLISTENHF6156_20220710T124000.000Z_20220710T124459.996Z__selection_54,ICLISTENHF6156_20220710T124000.000Z_20220710T124459.996Z.flac,2022-07-10,54,1.0,225.4124164,226.1544376,0.7420211999999822,S04,high,KW,SR,J,77.3,21449.3,True,,source_label_not_individually_reviewed_in_repo
ICLISTENHF6156_20220710T124000.000Z_20220710T124459.996Z__selection_55,ICLISTENHF6156_20220710T124000.000Z_20220710T124459.996Z.flac,2022-07-10,55,1.0,227.6465653,228.5162461,0.8696807999999976,S04,high,KW,SR,J,231.9,35285.0,False,may be two overlapping S04s,source_label_not_individually_reviewed_in_repo
ICLISTENHF6156_20220710T124000.000Z_20220710T124459.996Z__selection_57,ICLISTENHF6156_20220710T124000.000Z_20220710T124459.996Z.flac,2022-07-10,57,1.0,235.9880715,236.6822204,0.6941489000000161,S04,high,KW,SR,J,193.2,21642.5,False,,source_label_not_individually_reviewed_in_repo
ICLISTENHF6156_20220710T124000.000Z_20220710T124459.996Z__selection_58,ICLISTENHF6156_20220710T124000.000Z_20220710T124459.996Z.flac,2022-07-10,58,1.0,237.4389136,238.117105,0.6781914000000029,S04,high,KW,SR,J,115.9,19826.1,False,,source_label_not_individually_reviewed_in_repo
ICLISTENHF6156_20220710T124000.000Z_20220710T124459.996Z__selection_59,ICLISTENHF6156_20220710T124000.000Z_20220710T124459.996Z.flac,2022-07-10,59,1.0,238.1330625,238.8032752,0.6702127000000075,S04,high,KW,SR,J,115.9,18937.2,False,,source_label_not_individually_reviewed_in_repo
ICLISTENHF6156_20220710T124000.000Z_20220710T124459.996Z__selection_60,ICLISTENHF6156_20220710T124000.000Z_20220710T124459.996Z.flac,2022-07-10,60,1.0,243.55455,244.2088054,0.6542553999999825,S04,high,KW,SR,J,115.9,18859.9,False,,source_label_not_individually_reviewed_in_repo
ICLISTENHF6156_20220710T124000.000Z_20220710T124459.996Z__selection_61,ICLISTENHF6156_20220710T124000.000Z_20220710T124459.996Z.flac,2022-07-10,61,1.0,251.7915336,252.4856825,0.6941488999999876,S04,high,KW,SR,J,115.9,35130.4,False,,source_label_not_individually_reviewed_in_repo
ICLISTENHF6156_20220710T124000.000Z_20220710T124459.996Z__selection_62,ICLISTENHF6156_20220710T124000.000Z_20220710T124459.996Z.flac,2022-07-10,62,1.0,252.5016399,253.219725,0.7180851000000246,S04,high,KW,SR,J,115.9,52135.3,False,,source_label_not_individually_reviewed_in_repo
ICLISTENHF6156_20220710T124000.000Z_20220710T124459.996Z__selection_64,ICLISTENHF6156_20220710T124000.000Z_20220710T124459.996Z.flac,2022-07-10,64,1.0,266.1589162,266.7892353,0.6303190999999515,S04,high,KW,SR,J,347.8,30299.5,False,,source_label_not_individually_reviewed_in_repo
ICLISTENHF6156_20220710T124000.000Z_20220710T124459.996Z__selection_66,ICLISTENHF6156_20220710T124000.000Z_20220710T124459.996Z.flac,2022-07-10,66,1.0,285.441737,285.9763115,0.5345745000000193,S04,high,KW,SR,J,38.6,46067.6,False,,source_label_not_individually_reviewed_in_repo
ICLISTENHF6156_20220710T124000.000Z_20220710T124459.996Z__selection_68,ICLISTENHF6156_20220710T124000.000Z_20220710T124459.996Z.flac,2022-07-10,68,1.0,286.2874817,287.1013114,0.8138296999999852,S04,high,KW,SR,J,77.3,31610.547,True,,source_label_not_individually_reviewed_in_repo
ICLISTENHF6156_20220710T124000.000Z_20220710T124459.996Z__selection_69,ICLISTENHF6156_20220710T124000.000Z_20220710T124459.996Z.flac,2022-07-10,69,1.0,288.8483237,289.4866216,0.6382978999999978,S04,high,KW,SR,J,115.9,19878.697,False,,source_label_not_individually_reviewed_in_repo
ICLISTENHF6156_20220710T124000.000Z_20220710T124459.996Z__selection_70,ICLISTENHF6156_20220710T124000.000Z_20220710T124459.996Z.flac,2022-07-10,70,1.0,296.911978,297.5502759,0.6382978999999978,S04,high,KW,SR,J,231.9,46664.715,False,,source_label_not_individually_reviewed_in_repo
ICLISTENHF6156_20220710T124000.000Z_20220710T124459.996Z__selection_71,ICLISTENHF6156_20220710T124000.000Z_20220710T124459.996Z.flac,2022-07-10,71,1.0,297.5422972,298.3401695,0.7978722999999945,S04,high,KW,SR,J,154.6,51865.222,True,,source_label_not_individually_reviewed_in_repo
ICLISTENHF6156_20220711T151000.000Z_20220711T151459.996Z__selection_5,ICLISTENHF6156_20220711T151000.000Z_20220711T151459.996Z.flac,2022-07-11,5,1.0,3.019179858,3.797370911,0.7781910529999996,S04,high,KW,SR,J,542.4,7333.333,False,,source_label_not_individually_reviewed_in_repo
ICLISTENHF6156_20220711T151000.000Z_20220711T151459.996Z__selection_63,ICLISTENHF6156_20220711T151000.000Z_20220711T151459.996Z.flac,2022-07-11,63,1.0,69.55054453,70.35967314,0.8091286100000019,S04,high,KW,SR,J,224.719,2337.079,False,,source_label_not_individually_reviewed_in_repo
ICLISTENHF6156_20220711T151000.000Z_20220711T151459.996Z__selection_65,ICLISTENHF6156_20220711T151000.000Z_20220711T151459.996Z.flac,2022-07-11,65,1.0,71.50334531,72.19577267,0.6924273599999964,S04,high,KW,SR,J,134.831,1662.921,False,,source_label_not_individually_reviewed_in_repo
ICLISTENHF6156_20220711T151000.000Z_20220711T151459.996Z__selection_73,ICLISTENHF6156_20220711T151000.000Z_20220711T151459.996Z.flac,2022-07-11,73,1.0,80.26630087,80.90426766,0.6379667900000072,S04,high,KW,SR,J,629.213,5483.146,True,,source_label_not_individually_reviewed_in_repo
ICLISTENHF6156_20220711T151000.000Z_20220711T151459.996Z__selection_81,ICLISTENHF6156_20220711T151000.000Z_20220711T151459.996Z.flac,2022-07-11,81,1.0,95.31284616,95.74075071,0.4279045499999938,S04,high,KW,SR,J,314.607,1528.09,False,,source_label_not_individually_reviewed_in_repo
ICLISTENHF6156_20220711T151000.000Z_20220711T151459.996Z__selection_82,ICLISTENHF6156_20220711T151000.000Z_20220711T151459.996Z.flac,2022-07-11,82,1.0,95.9741532,96.78328181,0.8091286100000019,S04,high,KW,SR,J,269.663,9932.584,False,,source_label_not_individually_reviewed_in_repo
ICLISTENHF6156_20220711T151000.000Z_20220711T151459.996Z__selection_121,ICLISTENHF6156_20220711T151000.000Z_20220711T151459.996Z.flac,2022-07-11,121,1.0,139.822812,140.2740569,0.451244900000006,S04,high,KW,SR,J,314.607,1573.034,False,,source_label_not_individually_reviewed_in_repo
ICLISTENHF6156_20220711T151000.000Z_20220711T151459.996Z__selection_122,ICLISTENHF6156_20220711T151000.000Z_20220711T151459.996Z.flac,2022-07-11,122,1.0,140.4140983,141.044285,0.6301866999999959,S04,high,KW,SR,J,449.438,1483.146,False,,source_label_not_individually_reviewed_in_repo
ICLISTENHF6156_20220711T151000.000Z_20220711T151459.996Z__selection_128,ICLISTENHF6156_20220711T151000.000Z_20220711T151459.996Z.flac,2022-07-11,128,1.0,145.9339983,146.4552639,0.5212655999999924,S04,high,KW,SR,J,224.719,1797.753,True,overlaps with whistle above,source_label_not_individually_reviewed_in_repo
ICLISTENHF6156_20220711T151000.000Z_20220711T151459.996Z__selection_155,ICLISTENHF6156_20220711T151000.000Z_20220711T151459.996Z.flac,2022-07-11,155,1.0,184.354282,184.828867,0.4745849999999905,S04,high,KW,SR,J,449.438,2876.404,False,,source_label_not_individually_reviewed_in_repo
ICLISTENHF6156_20220711T151000.000Z_20220711T151459.996Z__selection_179,ICLISTENHF6156_20220711T151000.000Z_20220711T151459.996Z.flac,2022-07-11,179,1.0,209.0499591,209.6101251,0.5601660000000095,S04,high,KW,SR,J,224.719,2471.91,True,overlaps with whistle,source_label_not_individually_reviewed_in_repo
ICLISTENHF6156_20220711T151000.000Z_20220711T151459.996Z__selection_182,ICLISTENHF6156_20220711T151000.000Z_20220711T151459.996Z.flac,2022-07-11,182,1.0,210.1969589,210.5392826,0.3423237000000085,S04,high,KW,SR,J,404.494,2426.966,True,,source_label_not_individually_reviewed_in_repo
ICLISTENHF6156_20220711T151000.000Z_20220711T151459.996Z__selection_190,ICLISTENHF6156_20220711T151000.000Z_20220711T151459.996Z.flac,2022-07-11,190,1.0,217.9095708,218.5397575,0.6301866999999959,S04,high,KW,SR,J,269.663,1887.64,False,,source_label_not_individually_reviewed_in_repo
ICLISTENHF6156_20220711T151000.000Z_20220711T151459.996Z__selection_200,ICLISTENHF6156_20220711T151000.000Z_20220711T151459.996Z.flac,2022-07-11,200,1.0,233.5764721,234.0510572,0.4745851000000129,S04,high,KW,SR,J,314.607,2112.36,False,,source_label_not_individually_reviewed_in_repo
ICLISTENHF6156_20220713T005000.000Z_20220713T005459.996Z__selection_12,ICLISTENHF6156_20220713T005000.000Z_20220713T005459.996Z.flac,2022-07-13,12,1.0,49.16790928,49.66817608,0.5002667999999986,S04,high,KW,SR,J,555.8,2540.9,False,,source_label_not_individually_reviewed_in_repo
ICLISTENHF6156_20220713T005000.000Z_20220713T005459.996Z__selection_41,ICLISTENHF6156_20220713T005000.000Z_20220713T005459.996Z.flac,2022-07-13,41,1.0,213.0794207,213.8398263,0.7604056000000128,S04,high,KW,SR,J,238.2,4009.9,False,,source_label_not_individually_reviewed_in_repo
ICLISTENHF6156_20220713T005000.000Z_20220713T005459.996Z__selection_44,ICLISTENHF6156_20220713T005000.000Z_20220713T005459.996Z.flac,2022-07-13,44,1.0,238.5736544,239.4141026,0.8404481999999973,S04,high,KW,SR,J,238.2,2540.9,False,,source_label_not_individually_reviewed_in_repo
ICLISTENHF6156_20220713T005000.000Z_20220713T005459.996Z__selection_50,ICLISTENHF6156_20220713T005000.000Z_20220713T005459.996Z.flac,2022-07-13,50,1.0,253.9005727,254.4308555,0.530282800000009,S04,high,KW,SR,J,397.0,1508.7,False,,source_label_not_individually_reviewed_in_repo
ICLISTENHF6156_20220713T005000.000Z_20220713T005459.996Z__selection_51,ICLISTENHF6156_20220713T005000.000Z_20220713T005459.996Z.flac,2022-07-13,51,1.0,257.0075405,258.7384636,1.730923099999984,S04,high,KW,SR,J,397.0,2421.8,False,,source_label_not_individually_reviewed_in_repo
ICLISTENHF6156_20220713T005000.000Z_20220713T005459.996Z__selection_52,ICLISTENHF6156_20220713T005000.000Z_20220713T005459.996Z.flac,2022-07-13,52,1.0,259.4588478,260.1192,0.6603521999999771,S04,high,KW,SR,J,635.2,1746.9,False,,source_label_not_individually_reviewed_in_repo
ICLISTENHF6156_20220725T141000.000Z_20220725T141459.996Z__selection_9,ICLISTENHF6156_20220725T141000.000Z_20220725T141459.996Z.flac,2022-07-25,9,1.0,85.5523408,86.14181701,0.5894762100000008,S04,high,KW,SR,J,155.0,1482.927,False,,source_label_not_individually_reviewed_in_repo
ICLISTENHF6156_20220725T141000.000Z_20220725T141459.996Z__selection_10,ICLISTENHF6156_20220725T141000.000Z_20220725T141459.996Z.flac,2022-07-25,10,1.0,88.55161626,89.10402872,0.5524124599999993,S04,high,KW,SR,J,348.7,1404.878,False,,source_label_not_individually_reviewed_in_repo
ICLISTENHF6156_20220725T141000.000Z_20220725T141459.996Z__selection_11,ICLISTENHF6156_20220725T141000.000Z_20220725T141459.996Z.flac,2022-07-25,11,1.0,89.32019011,89.92063843,0.6004483199999981,S04,high,KW,SR,J,232.4,1639.024,False,,source_label_not_individually_reviewed_in_repo
ICLISTENHF6156_20220725T141000.000Z_20220725T141459.996Z__selection_12,ICLISTENHF6156_20220725T141000.000Z_20220725T141459.996Z.flac,2022-07-25,12,1.0,98.03817174,98.78272765,0.7445559100000025,S04,high,KW,SR,J,348.7,1443.902,False,,source_label_not_individually_reviewed_in_repo
ICLISTENHF6156_20220725T141000.000Z_20220725T141459.996Z__selection_13,ICLISTENHF6156_20220725T141000.000Z_20220725T141459.996Z.flac,2022-07-25,13,1.0,107.7649119,108.3733662,0.6084543000000053,S04,high,KW,SR,J,169.761,1521.951,False,,source_label_not_individually_reviewed_in_repo
ICLISTENHF6156_20220725T141000.000Z_20220725T141459.996Z__selection_14,ICLISTENHF6156_20220725T141000.000Z_20220725T141459.996Z.flac,2022-07-25,14,1.0,109.0791302,109.7676443,0.6885141000000061,S04,high,KW,SR,J,193.7,1443.902,False,,source_label_not_individually_reviewed_in_repo
ICLISTENHF6156_20220725T141000.000Z_20220725T141459.996Z__selection_16,ICLISTENHF6156_20220725T141000.000Z_20220725T141459.996Z.flac,2022-07-25,16,1.0,112.5756679,113.3516391,0.7759712000000007,S04,high,KW,SR,J,234.146,1560.976,True,,source_label_not_individually_reviewed_in_repo
ICLISTENHF6156_20220725T141000.000Z_20220725T141459.996Z__selection_17,ICLISTENHF6156_20220725T141000.000Z_20220725T141459.996Z.flac,2022-07-25,17,1.0,118.7593199,119.431822,0.6725021000000027,S04,high,KW,SR,J,585.366,1482.927,False,,source_label_not_individually_reviewed_in_repo
ICLISTENHF6156_20220725T141000.000Z_20220725T141459.996Z__selection_18,ICLISTENHF6156_20220725T141000.000Z_20220725T141459.996Z.flac,2022-07-25,18,1.0,125.6669654,126.4995871,0.8326217000000042,S04,high,KW,SR,J,312.195,1678.049,False,,source_label_not_individually_reviewed_in_repo
ICLISTENHF6156_20220725T141000.000Z_20220725T141459.996Z__selection_19,ICLISTENHF6156_20220725T141000.000Z_20220725T141459.996Z.flac,2022-07-25,19,1.0,126.7637843,127.5243522,0.7605678999999981,S04,high,KW,SR,J,819.512,1743.3,False,,source_label_not_individually_reviewed_in_repo
ICLISTENHF6156_20220725T141000.000Z_20220725T141459.996Z__selection_20,ICLISTENHF6156_20220725T141000.000Z_20220725T141459.996Z.flac,2022-07-25,20,1.0,130.353688,131.074226,0.7205380000000048,S04,high,KW,SR,J,468.293,1521.951,False,,source_label_not_individually_reviewed_in_repo
ICLISTENHF6156_20220725T141000.000Z_20220725T141459.996Z__selection_21,ICLISTENHF6156_20220725T141000.000Z_20220725T141459.996Z.flac,2022-07-25,21,1.0,132.859559,133.7001866,0.8406276000000048,S04,high,KW,SR,J,339.523,1521.951,False,,source_label_not_individually_reviewed_in_repo
ICLISTENHF6156_20220725T141000.000Z_20220725T141459.996Z__selection_22,ICLISTENHF6156_20220725T141000.000Z_20220725T141459.996Z.flac,2022-07-25,22,1.0,136.0173254,136.6417916,0.6244662000000005,S04,high,KW,SR,J,156.098,1600.0,False,,source_label_not_individually_reviewed_in_repo
ICLISTENHF6156_20220725T141000.000Z_20220725T141459.996Z__selection_24,ICLISTENHF6156_20220725T141000.000Z_20220725T141459.996Z.flac,2022-07-25,24,1.0,137.6275793,138.3243698,0.6967904999999917,S04,high,KW,SR,J,813.6,1717.073,True,,source_label_not_individually_reviewed_in_repo
ICLISTENHF6156_20220725T141000.000Z_20220725T141459.996Z__selection_25,ICLISTENHF6156_20220725T141000.000Z_20220725T141459.996Z.flac,2022-07-25,25,1.0,139.7561169,140.2845114,0.5283945000000188,S04,high,KW,SR,J,429.268,1482.927,False,,source_label_not_individually_reviewed_in_repo
ICLISTENHF6156_20220725T141000.000Z_20220725T141459.996Z__selection_31,ICLISTENHF6156_20220725T141000.000Z_20220725T141459.996Z.flac,2022-07-25,31,1.0,145.5746465,146.2151247,0.6404781999999898,S04,high,KW,SR,J,390.244,1404.878,False,,source_label_not_individually_reviewed_in_repo
ICLISTENHF6156_20220725T141000.000Z_20220725T141459.996Z__selection_32,ICLISTENHF6156_20220725T141000.000Z_20220725T141459.996Z.flac,2022-07-25,32,1.0,149.2162483,149.6517423,0.4354940000000056,S04,high,KW,SR,J,116.2,1678.049,False,,source_label_not_individually_reviewed_in_repo
ICLISTENHF6156_20220725T141000.000Z_20220725T141459.996Z__selection_33,ICLISTENHF6156_20220725T141000.000Z_20220725T141459.996Z.flac,2022-07-25,33,1.0,150.969513,151.5950408,0.6255277999999862,S04,high,KW,SR,J,155.0,1665.9,False,,source_label_not_individually_reviewed_in_repo
ICLISTENHF6156_20220725T141000.000Z_20220725T141459.996Z__selection_34,ICLISTENHF6156_20220725T141000.000Z_20220725T141459.996Z.flac,2022-07-25,34,1.0,152.5927182,153.210328,0.6176097999999968,S04,high,KW,SR,J,155.0,1627.1,False,,source_label_not_individually_reviewed_in_repo
ICLISTENHF6156_20220725T141000.000Z_20220725T141459.996Z__selection_35,ICLISTENHF6156_20220725T141000.000Z_20220725T141459.996Z.flac,2022-07-25,35,1.0,153.2710152,153.9123792,0.64136400000001,S04,high,KW,SR,J,193.7,1355.9,False,,source_label_not_individually_reviewed_in_repo
ICLISTENHF6156_20220725T141000.000Z_20220725T141459.996Z__selection_36,ICLISTENHF6156_20220725T141000.000Z_20220725T141459.996Z.flac,2022-07-25,36,1.0,153.6669189,154.4112179,0.7442989999999838,S04,high,KW,SR,J,116.2,1795.122,True,,source_label_not_individually_reviewed_in_repo
ICLISTENHF6156_20220725T141000.000Z_20220725T141459.996Z__selection_37,ICLISTENHF6156_20220725T141000.000Z_20220725T141459.996Z.flac,2022-07-25,37,1.0,155.5593386,156.1611122,0.6017736000000014,S04,high,KW,SR,J,619.9,1239.7,False,,source_label_not_individually_reviewed_in_repo
ICLISTENHF6156_20220725T141000.000Z_20220725T141459.996Z__selection_38,ICLISTENHF6156_20220725T141000.000Z_20220725T141459.996Z.flac,2022-07-25,38,1.0,156.5095075,157.095445,0.5859375,S04,high,KW,SR,J,542.4,1743.3,False,,source_label_not_individually_reviewed_in_repo
ICLISTENHF6156_20220725T141000.000Z_20220725T141459.996Z__selection_41,ICLISTENHF6156_20220725T141000.000Z_20220725T141459.996Z.flac,2022-07-25,41,1.0,171.3324836,172.1090634,0.7765798000000075,S04,high,KW,SR,J,232.4,1867.374,True,,source_label_not_individually_reviewed_in_repo
ICLISTENHF6156_20220725T141000.000Z_20220725T141459.996Z__selection_42,ICLISTENHF6156_20220725T141000.000Z_20220725T141459.996Z.flac,2022-07-25,42,1.0,172.7335296,173.4860915,0.7525618999999892,S04,high,KW,SR,J,77.5,1704.6,True,,source_label_not_individually_reviewed_in_repo
ICLISTENHF6156_20220725T141000.000Z_20220725T141459.996Z__selection_45,ICLISTENHF6156_20220725T141000.000Z_20220725T141459.996Z.flac,2022-07-25,45,1.0,177.7129723,178.2813967,0.5684243999999978,S04,high,KW,SR,J,312.195,1994.695,False,,source_label_not_individually_reviewed_in_repo
ICLISTENHF6156_20220725T141000.000Z_20220725T141459.996Z__selection_47,ICLISTENHF6156_20220725T141000.000Z_20220725T141459.996Z.flac,2022-07-25,47,1.0,187.2282825,187.8854656,0.6571830999999975,S04,high,KW,SR,J,116.2,2122.016,False,,source_label_not_individually_reviewed_in_repo
ICLISTENHF6156_20220725T141000.000Z_20220725T141459.996Z__selection_50,ICLISTENHF6156_20220725T141000.000Z_20220725T141459.996Z.flac,2022-07-25,50,1.0,191.1031756,191.6075522,0.5043766000000005,S04,high,KW,SR,J,297.082,1639.024,False,,source_label_not_individually_reviewed_in_repo
ICLISTENHF6156_20220725T141000.000Z_20220725T141459.996Z__selection_52,ICLISTENHF6156_20220725T141000.000Z_20220725T141459.996Z.flac,2022-07-25,52,1.0,202.9364588,203.4968772,0.5604184000000032,S04,high,KW,SR,J,348.7,1600.0,False,,source_label_not_individually_reviewed_in_repo
ICLISTENHF6156_20220725T141000.000Z_20220725T141459.996Z__selection_53,ICLISTENHF6156_20220725T141000.000Z_20220725T141459.996Z.flac,2022-07-25,53,1.0,204.4066961,204.8659444,0.4592482999999845,S04,high,KW,SR,J,271.2,1355.9,False,,source_label_not_individually_reviewed_in_repo
ICLISTENHF6156_20220725T141000.000Z_20220725T141459.996Z__selection_54,ICLISTENHF6156_20220725T141000.000Z_20220725T141459.996Z.flac,2022-07-25,54,1.0,211.6841693,212.2445877,0.5604184000000032,S04,high,KW,SR,J,193.7,1248.78,False,,source_label_not_individually_reviewed_in_repo
ICLISTENHF6156_20220725T141000.000Z_20220725T141459.996Z__selection_55,ICLISTENHF6156_20220725T141000.000Z_20220725T141459.996Z.flac,2022-07-25,55,1.0,213.0269275,213.7158,0.6888725000000022,S04,high,KW,SR,J,155.0,1743.3,False,,source_label_not_individually_reviewed_in_repo
ICLISTENHF6156_20220725T141000.000Z_20220725T141459.996Z__selection_56,ICLISTENHF6156_20220725T141000.000Z_20220725T141459.996Z.flac,2022-07-25,56,1.0,213.6920457,214.1037856,0.4117399000000148,S04,high,KW,SR,J,464.9,1472.2,True,,source_label_not_individually_reviewed_in_repo
ICLISTENHF6156_20220725T141000.000Z_20220725T141459.996Z__selection_57,ICLISTENHF6156_20220725T141000.000Z_20220725T141459.996Z.flac,2022-07-25,57,1.0,214.468017,215.2718797,0.8038626999999963,S04,high,KW,SR,J,77.5,1549.6,False,,source_label_not_individually_reviewed_in_repo
ICLISTENHF6156_20220725T141000.000Z_20220725T141459.996Z__selection_59,ICLISTENHF6156_20220725T141000.000Z_20220725T141459.996Z.flac,2022-07-25,59,1.0,215.9290798,216.4437546,0.5146747999999945,S04,high,KW,SR,J,193.7,1317.2,True,,source_label_not_individually_reviewed_in_repo
ICLISTENHF6156_20220725T141000.000Z_20220725T141459.996Z__selection_64,ICLISTENHF6156_20220725T141000.000Z_20220725T141459.996Z.flac,2022-07-25,64,1.0,225.2787437,225.8542688,0.575525099999993,S04,high,KW,SR,J,309.9,1560.976,False,,source_label_not_individually_reviewed_in_repo
ICLISTENHF6156_20220725T141000.000Z_20220725T141459.996Z__selection_65,ICLISTENHF6156_20220725T141000.000Z_20220725T141459.996Z.flac,2022-07-25,65,1.0,235.1480844,235.7766184,0.6285340000000019,S04,high,KW,SR,J,155.0,1717.073,False,,source_label_not_individually_reviewed_in_repo
ICLISTENHF6156_20220725T141000.000Z_20220725T141459.996Z__selection_66,ICLISTENHF6156_20220725T141000.000Z_20220725T141459.996Z.flac,2022-07-25,66,1.0,245.9848197,246.5390849,0.5542652000000032,S04,high,KW,SR,J,155.0,1782.1,False,,source_label_not_individually_reviewed_in_repo
ICLISTENHF6156_20220725T141000.000Z_20220725T141459.996Z__selection_67,ICLISTENHF6156_20220725T141000.000Z_20220725T141459.996Z.flac,2022-07-25,67,1.0,247.9485021,248.4922256,0.5437234999999987,S04,high,KW,SR,J,169.761,1482.927,False,,source_label_not_individually_reviewed_in_repo
ICLISTENHF6156_20220725T141000.000Z_20220725T141459.996Z__selection_68,ICLISTENHF6156_20220725T141000.000Z_20220725T141459.996Z.flac,2022-07-25,68,1.0,250.5141359,250.8700527,0.3559167999999886,S04,high,KW,SR,J,169.761,1365.854,False,,source_label_not_individually_reviewed_in_repo
ICLISTENHF6156_20220725T141000.000Z_20220725T141459.996Z__selection_69,ICLISTENHF6156_20220725T141000.000Z_20220725T141459.996Z.flac,2022-07-25,69,1.0,251.2525858,251.814769,0.5621832000000211,S04,high,KW,SR,J,348.7,1549.6,False,,source_label_not_individually_reviewed_in_repo
ICLISTENHF6156_20220725T141000.000Z_20220725T141459.996Z__selection_70,ICLISTENHF6156_20220725T141000.000Z_20220725T141459.996Z.flac,2022-07-25,70,1.0,263.3685061,263.7644098,0.3959037000000194,S04,high,KW,SR,J,426.2,1394.7,False,,source_label_not_individually_reviewed_in_repo
ICLISTENHF6156_20220725T141000.000Z_20220725T141459.996Z__selection_71,ICLISTENHF6156_20220725T141000.000Z_20220725T141459.996Z.flac,2022-07-25,71,1.0,266.2073562,267.0149998,0.8076436000000058,S04,high,KW,SR,J,232.4,2419.512,False,,source_label_not_individually_reviewed_in_repo
ICLISTENHF6156_20220725T141000.000Z_20220725T141459.996Z__selection_72,ICLISTENHF6156_20220725T141000.000Z_20220725T141459.996Z.flac,2022-07-25,72,1.0,268.4640073,269.2995423,0.835534999999993,S04,high,KW,SR,J,348.7,1510.9,False,,source_label_not_individually_reviewed_in_repo
ICLISTENHF6156_20220725T141000.000Z_20220725T141459.996Z__selection_73,ICLISTENHF6156_20220725T141000.000Z_20220725T141459.996Z.flac,2022-07-25,73,1.0,270.7327137,271.4215861,0.6888724000000366,S04,high,KW,SR,J,348.7,2068.293,False,,source_label_not_individually_reviewed_in_repo
ICLISTENHF6156_20220725T141000.000Z_20220725T141459.996Z__selection_75,ICLISTENHF6156_20220725T141000.000Z_20220725T141459.996Z.flac,2022-07-25,75,1.0,279.7556586,280.5949744,0.8393158000000085,S04,high,KW,SR,J,697.3,2341.463,False,,source_label_not_individually_reviewed_in_repo
ICLISTENHF6156_20220725T141000.000Z_20220725T141459.996Z__selection_77,ICLISTENHF6156_20220725T141000.000Z_20220725T141459.996Z.flac,2022-07-25,77,1.0,285.5467576,286.1564493,0.6096917000000417,S04,high,KW,SR,J,155.0,1678.049,False,,source_label_not_individually_reviewed_in_repo
ICLISTENHF6156_20220725T141000.000Z_20220725T141459.996Z__selection_78,ICLISTENHF6156_20220725T141000.000Z_20220725T141459.996Z.flac,2022-07-25,78,1.0,287.2412255,287.7559003,0.514674800000023,S04,high,KW,SR,J,309.9,1510.9,False,,source_label_not_individually_reviewed_in_repo
ICLISTENHF6156_20220725T141000.000Z_20220725T141459.996Z__selection_79,ICLISTENHF6156_20220725T141000.000Z_20220725T141459.996Z.flac,2022-07-25,79,1.0,288.8090042,289.3078428,0.4988385999999991,S04,high,KW,SR,J,193.7,1472.2,False,,source_label_not_individually_reviewed_in_repo
ICLISTENHF6156_20220725T141000.000Z_20220725T141459.996Z__selection_80,ICLISTENHF6156_20220725T141000.000Z_20220725T141459.996Z.flac,2022-07-25,80,1.0,290.8967184,291.4589016,0.5621831999999927,S04,high,KW,SR,J,116.2,1665.9,False,,source_label_not_individually_reviewed_in_repo
ICLISTENHF6156_20220725T141000.000Z_20220725T141459.996Z__selection_83,ICLISTENHF6156_20220725T141000.000Z_20220725T141459.996Z.flac,2022-07-25,83,1.0,292.7789461,293.3490474,0.570101300000033,S04,high,KW,SR,J,116.2,1510.9,True,overlapping calls,source_label_not_individually_reviewed_in_repo
ICLISTENHF6156_20220725T141000.000Z_20220725T141459.996Z__selection_85,ICLISTENHF6156_20220725T141000.000Z_20220725T141459.996Z.flac,2022-07-25,85,1.0,294.370479,294.9722526,0.6017736000000014,S04,high,KW,SR,J,116.2,1678.049,False,,source_label_not_individually_reviewed_in_repo
ICLISTENHF6156_20220729T184000.000Z_20220729T184459.996Z__selection_37,ICLISTENHF6156_20220729T184000.000Z_20220729T184459.996Z.flac,2022-07-29,37,1.0,195.1009824,195.5813543,0.4803718999999944,S04,high,KW,SR,J,189.1,1134.8,False,,source_label_not_individually_reviewed_in_repo
ICLISTENHF6156_20220729T184000.000Z_20220729T184459.996Z__selection_38,ICLISTENHF6156_20220729T184000.000Z_20220729T184459.996Z.flac,2022-07-29,38,1.0,197.5819641,198.0313442,0.4493801000000132,S04,high,KW,SR,J,529.6,1059.1,False,,source_label_not_individually_reviewed_in_repo
ICLISTENHF6156_20220729T184000.000Z_20220729T184459.996Z__selection_39,ICLISTENHF6156_20220729T184000.000Z_20220729T184459.996Z.flac,2022-07-29,39,1.0,199.6196706,200.4641954,0.8445247999999879,S04,high,KW,SR,J,491.7,1475.2,False,,source_label_not_individually_reviewed_in_repo
ICLISTENHF6156_20220729T184000.000Z_20220729T184459.996Z__selection_40,ICLISTENHF6156_20220729T184000.000Z_20220729T184459.996Z.flac,2022-07-29,40,1.0,203.0855051,203.626855,0.5413499000000002,S04,high,KW,SR,J,718.7,1475.2,False,,source_label_not_individually_reviewed_in_repo
ICLISTENHF6156_20220729T184000.000Z_20220729T184459.996Z__selection_41,ICLISTENHF6156_20220729T184000.000Z_20220729T184459.996Z.flac,2022-07-29,41,1.0,204.9605051,205.4176331,0.4571279999999831,S04,high,KW,SR,J,718.7,1210.4,False,,source_label_not_individually_reviewed_in_repo
ICLISTENHF6156_20220729T184000.000Z_20220729T184459.996Z__selection_42,ICLISTENHF6156_20220729T184000.000Z_20220729T184459.996Z.flac,2022-07-29,42,1.0,206.4636042,207.2693893,0.8057851000000085,S04,high,KW,SR,J,75.7,1550.8,False,,source_label_not_individually_reviewed_in_repo
ICLISTENHF6156_20220729T184000.000Z_20220729T184459.996Z__selection_43,ICLISTENHF6156_20220729T184000.000Z_20220729T184459.996Z.flac,2022-07-29,43,1.0,209.4464168,209.9190407,0.4726239000000021,S04,high,KW,SR,J,151.3,1361.7,False,,source_label_not_individually_reviewed_in_repo
ICLISTENHF6156_20220729T184000.000Z_20220729T184459.996Z__selection_44,ICLISTENHF6156_20220729T184000.000Z_20220729T184459.996Z.flac,2022-07-29,44,1.0,210.5156316,210.9727597,0.4571281000000056,S04,high,KW,SR,J,151.3,1437.4,False,,source_label_not_individually_reviewed_in_repo
ICLISTENHF6156_20220729T184000.000Z_20220729T184459.996Z__selection_45,ICLISTENHF6156_20220729T184000.000Z_20220729T184459.996Z.flac,2022-07-29,45,1.0,212.3782941,212.8664139,0.4881197999999926,S04,high,KW,SR,J,567.4,1361.7,False,,source_label_not_individually_reviewed_in_repo
ICLISTENHF6156_20220729T184000.000Z_20220729T184459.996Z__selection_46,ICLISTENHF6156_20220729T184000.000Z_20220729T184459.996Z.flac,2022-07-29,46,1.0,212.9671371,213.7264346,0.7592975000000024,S04,high,KW,SR,J,227.0,1664.3,False,,source_label_not_individually_reviewed_in_repo
ICLISTENHF6156_20220729T184000.000Z_20220729T184459.996Z__selection_47,ICLISTENHF6156_20220729T184000.000Z_20220729T184459.996Z.flac,2022-07-29,47,1.0,213.7729222,214.49348,0.7205577999999946,S04,high,KW,SR,J,491.7,1626.5,False,,source_label_not_individually_reviewed_in_repo
ICLISTENHF6156_20220729T184000.000Z_20220729T184459.996Z__selection_48,ICLISTENHF6156_20220729T184000.000Z_20220729T184459.996Z.flac,2022-07-29,48,1.0,216.7429735,217.2001016,0.4571281000000056,S04,high,KW,SR,J,113.5,1399.5,False,,source_label_not_individually_reviewed_in_repo
ICLISTENHF6156_20220729T184000.000Z_20220729T184459.996Z__selection_49,ICLISTENHF6156_20220729T184000.000Z_20220729T184459.996Z.flac,2022-07-29,49,1.0,218.3622916,219.0131181,0.6508265000000222,S04,high,KW,SR,J,189.1,1550.8,False,,source_label_not_individually_reviewed_in_repo
ICLISTENHF6156_20220729T184000.000Z_20220729T184459.996Z__selection_50,ICLISTENHF6156_20220729T184000.000Z_20220729T184459.996Z.flac,2022-07-29,50,1.0,220.6477901,221.120414,0.4726239000000021,S04,high,KW,SR,J,756.5,1323.9,False,,source_label_not_individually_reviewed_in_repo
ICLISTENHF6156_20220729T184000.000Z_20220729T184459.996Z__selection_51,ICLISTENHF6156_20220729T184000.000Z_20220729T184459.996Z.flac,2022-07-29,51,1.0,221.7402487,222.1896289,0.4493802000000073,S04,high,KW,SR,J,680.9,1021.3,False,,source_label_not_individually_reviewed_in_repo
ICLISTENHF6156_20220729T184000.000Z_20220729T184459.996Z__selection_52,ICLISTENHF6156_20220729T184000.000Z_20220729T184459.996Z.flac,2022-07-29,52,1.0,226.5820627,226.9384676,0.3564049000000011,S04,high,KW,SR,J,832.2,1361.7,False,,source_label_not_individually_reviewed_in_repo
ICLISTENHF6156_20220729T184000.000Z_20220729T184459.996Z__selection_54,ICLISTENHF6156_20220729T184000.000Z_20220729T184459.996Z.flac,2022-07-29,54,1.0,232.3920845,232.926692,0.5346074999999928,S04,high,KW,SR,J,453.9,1134.8,False,,source_label_not_individually_reviewed_in_repo
ICLISTENHF6156_20220729T184000.000Z_20220729T184459.996Z__selection_55,ICLISTENHF6156_20220729T184000.000Z_20220729T184459.996Z.flac,2022-07-29,55,1.0,233.4612994,233.9959068,0.5346073999999987,S04,high,KW,SR,J,264.8,1588.7,False,,source_label_not_individually_reviewed_in_repo
ICLISTENHF6156_20220729T184000.000Z_20220729T184459.996Z__selection_56,ICLISTENHF6156_20220729T184000.000Z_20220729T184459.996Z.flac,2022-07-29,56,1.0,234.5460101,234.910163,0.3641529000000219,S04,high,KW,SR,J,340.4,1550.8,False,,source_label_not_individually_reviewed_in_repo
ICLISTENHF6156_20220729T184000.000Z_20220729T184459.996Z__selection_59,ICLISTENHF6156_20220729T184000.000Z_20220729T184459.996Z.flac,2022-07-29,59,1.0,250.0907934,250.5479215,0.4571281000000056,S04,high,KW,SR,J,340.4,1323.9,False,,source_label_not_individually_reviewed_in_repo
ICLISTENHF6156_20220729T184000.000Z_20220729T184459.996Z__selection_61,ICLISTENHF6156_20220729T184000.000Z_20220729T184459.996Z.flac,2022-07-29,61,1.0,253.3258453,254.0541511,0.7283058000000153,S04,high,KW,SR,J,529.6,1210.4,False,,source_label_not_individually_reviewed_in_repo
ICLISTENHF6156_20220729T184000.000Z_20220729T184459.996Z__selection_62,ICLISTENHF6156_20220729T184000.000Z_20220729T184459.996Z.flac,2022-07-29,62,1.0,255.1776015,255.9059072,0.7283056999999928,S04,high,KW,SR,J,605.2,1550.8,False,,source_label_not_individually_reviewed_in_repo
ICLISTENHF6156_20220729T184000.000Z_20220729T184459.996Z__selection_64,ICLISTENHF6156_20220729T184000.000Z_20220729T184459.996Z.flac,2022-07-29,64,1.0,262.2533748,263.1443871,0.8910122999999999,S04,high,KW,SR,J,643.0,1550.8,False,,source_label_not_individually_reviewed_in_repo
ICLISTENHF6156_20220729T184000.000Z_20220729T184459.996Z__selection_69,ICLISTENHF6156_20220729T184000.000Z_20220729T184459.996Z.flac,2022-07-29,69,1.0,269.73203,270.7315134,0.9994833999999742,S04,high,KW,SR,J,567.4,1664.3,False,,source_label_not_individually_reviewed_in_repo
ICLISTENHF6156_20220729T184000.000Z_20220729T184459.996Z__selection_70,ICLISTENHF6156_20220729T184000.000Z_20220729T184459.996Z.flac,2022-07-29,70,1.0,272.2036208,273.0326497,0.8290288999999689,S04,high,KW,SR,J,416.1,1513.0,False,,source_label_not_individually_reviewed_in_repo
ICLISTENHF6156_20220729T184000.000Z_20220729T184459.996Z__selection_74,ICLISTENHF6156_20220729T184000.000Z_20220729T184459.996Z.flac,2022-07-29,74,1.0,277.5062238,278.2577734,0.7515496000000326,S04,high,KW,SR,J,302.6,1437.4,False,,source_label_not_individually_reviewed_in_repo
